{
	"class_name" : "PinholeCameraParameters",
	"extrinsic" : 
	[
		-0.16858318736834724,
		0.65188369793368461,
		0.73934251420098485,
		0.0,
		0.58106058005871797,
		-0.54016602527285495,
		0.60876043518181422,
		0.0,
		0.79620871085322542,
		0.53222956467038751,
		-0.2877210094035797,
		0.0,
		-0.66599434289118165,
		-0.48070888193828848,
		0.90117301937355454,
		1.0
	],
	"intrinsic" : 
	{
		"height" : 1018,
		"intrinsic_matrix" : 
		[
			881.6138610525586,
			0.0,
			0.0,
			0.0,
			881.6138610525586,
			0.0,
			957.5,
			508.5,
			1.0
		],
		"width" : 1916
	},
	"version_major" : 1,
	"version_minor" : 0
}