{
	"class_name" : "PinholeCameraParameters",
	"extrinsic" : 
	[
		0.027765962911223411,
		0.070584131640468561,
		-0.99711931666384535,
		0.0,
		0.96506276922698297,
		-0.26188619844904709,
		0.0083348973511174745,
		0.0,
		-0.26054347574936493,
		-0.96251415544004726,
		-0.075389640017530013,
		0.0,
		-170.22463774487466,
		232.59924754498186,
		400.46662711118842,
		1.0
	],
	"intrinsic" : 
	{
		"height" : 1018,
		"intrinsic_matrix" : 
		[
			881.6138610525586,
			0.0,
			0.0,
			0.0,
			881.6138610525586,
			0.0,
			957.5,
			508.5,
			1.0
		],
		"width" : 1916
	},
	"version_major" : 1,
	"version_minor" : 0
}