{
	"class_name" : "PinholeCameraParameters",
	"extrinsic" : 
	[
		-0.28735142536360919,
		0.18587497837606068,
		-0.93961675738313721,
		0.0,
		0.95150091856241681,
		-0.057149551233499324,
		-0.30229113577590566,
		0.0,
		-0.1098870343415434,
		-0.9809099964866852,
		-0.16043820765675443,
		0.0,
		-133.84889253659793,
		167.47633427824468,
		475.03563657569362,
		1.0
	],
	"intrinsic" : 
	{
		"height" : 1018,
		"intrinsic_matrix" : 
		[
			881.6138610525586,
			0.0,
			0.0,
			0.0,
			881.6138610525586,
			0.0,
			957.5,
			508.5,
			1.0
		],
		"width" : 1916
	},
	"version_major" : 1,
	"version_minor" : 0
}